[{"line":"1호선","subway":"서울역"},
{"line":"1호선","subway":"시청"},
{"line":"1호선","subway":"종각"},
{"line":"1호선","subway":"종로3가"},
{"line":"1호선","subway":"종로5가"},
{"line":"1호선","subway":"동대문"},
{"line":"1호선","subway":"동묘앞"},
{"line":"1호선","subway":"신설동"},
{"line":"1호선","subway":"제기동"},
{"line":"1호선","subway":"청량리(서울시립대입구)"},
{"line":"2호선","subway":"시청"},
{"line":"2호선","subway":"을지로입구"},
{"line":"2호선","subway":"을지로3가"},
{"line":"2호선","subway":"을지로4가"},
{"line":"2호선","subway":"동대문역사문화공원"},
{"line":"2호선","subway":"신당"},
{"line":"2호선","subway":"상왕십리"},
{"line":"2호선","subway":"왕십리"},
{"line":"2호선","subway":"한양대"},
{"line":"2호선","subway":"뚝섬"},
{"line":"2호선","subway":"성수"},
{"line":"2호선","subway":"건대입구"},
{"line":"2호선","subway":"구의(광진구청)"},
{"line":"2호선","subway":"강변(동서울터미널)"},
{"line":"2호선","subway":"잠실나루"},
{"line":"2호선","subway":"잠실(송파구청)"},
{"line":"2호선","subway":"신천"},
{"line":"2호선","subway":"종합운동장"},
{"line":"2호선","subway":"삼성(무역센터)"},
{"line":"2호선","subway":"선릉"},
{"line":"2호선","subway":"역삼"},
{"line":"2호선","subway":"강남"},
{"line":"2호선","subway":"교대(법원․검찰청)"},
{"line":"2호선","subway":"서초"},
{"line":"2호선","subway":"방배"},
{"line":"2호선","subway":"사당"},
{"line":"2호선","subway":"낙성대"},
{"line":"2호선","subway":"서울대입구(관악구청)"},
{"line":"2호선","subway":"봉천"},
{"line":"2호선","subway":"신림"},
{"line":"2호선","subway":"신대방"},
{"line":"2호선","subway":"구로디지털단지"},
{"line":"2호선","subway":"대림(구로구청)"},
{"line":"2호선","subway":"신도림"},
{"line":"2호선","subway":"문래"},
{"line":"2호선","subway":"영등포구청"},
{"line":"2호선","subway":"당산"},
{"line":"2호선","subway":"합정"},
{"line":"2호선","subway":"홍대입구"},
{"line":"2호선","subway":"신촌"},
{"line":"2호선","subway":"이대"},
{"line":"2호선","subway":"아현"},
{"line":"2호선","subway":"충정로(경기대입구)"},
{"line":"2호선","subway":"용답"},
{"line":"2호선","subway":"신답"},
{"line":"2호선","subway":"용두(동대문구청)"},
{"line":"2호선","subway":"신설동"},
{"line":"2호선","subway":"도림천"},
{"line":"2호선","subway":"양천구청"},
{"line":"2호선","subway":"신정네거리"},
{"line":"2호선","subway":"까치산"},
{"line":"3호선","subway":"지축"},
{"line":"3호선","subway":"구파발"},
{"line":"3호선","subway":"연신내"},
{"line":"3호선","subway":"불광"},
{"line":"3호선","subway":"녹번"},
{"line":"3호선","subway":"홍제"},
{"line":"3호선","subway":"무악재"},
{"line":"3호선","subway":"독립문"},
{"line":"3호선","subway":"경복궁(정부서울청사)"},
{"line":"3호선","subway":"안국"},
{"line":"3호선","subway":"종로3가"},
{"line":"3호선","subway":"을지로3가"},
{"line":"3호선","subway":"충무로"},
{"line":"3호선","subway":"동대입구"},
{"line":"3호선","subway":"약수"},
{"line":"3호선","subway":"금호"},
{"line":"3호선","subway":"옥수"},
{"line":"3호선","subway":"압구정"},
{"line":"3호선","subway":"신사"},
{"line":"3호선","subway":"잠원"},
{"line":"3호선","subway":"고속터미널"},
{"line":"3호선","subway":"교대(법원․검찰청)"},
{"line":"3호선","subway":"남부터미널(예술의전당)"},
{"line":"3호선","subway":"양재(서초구청)"},
{"line":"3호선","subway":"매봉"},
{"line":"3호선","subway":"도곡"},
{"line":"3호선","subway":"대치"},
{"line":"3호선","subway":"학여울"},
{"line":"3호선","subway":"대청"},
{"line":"3호선","subway":"일원"},
{"line":"3호선","subway":"수서"},
{"line":"3호선","subway":"가락시장"},
{"line":"3호선","subway":"경찰병원"},
{"line":"3호선","subway":"오금"},
{"line":"4호선","subway":"당고개"},
{"line":"4호선","subway":"상계"},
{"line":"4호선","subway":"노원"},
{"line":"4호선","subway":"창동"},
{"line":"4호선","subway":"쌍문"},
{"line":"4호선","subway":"수유(강북구청)"},
{"line":"4호선","subway":"미아(서울사이버대학)"},
{"line":"4호선","subway":"미아사거리"},
{"line":"4호선","subway":"길음"},
{"line":"4호선","subway":"성신여대입구(돈암)"},
{"line":"4호선","subway":"한성대입구(삼선교)"},
{"line":"4호선","subway":"혜화"},
{"line":"4호선","subway":"동대문"},
{"line":"4호선","subway":"동대문역사문화공원"},
{"line":"4호선","subway":"충무로"},
{"line":"4호선","subway":"명동"},
{"line":"4호선","subway":"회현(남대문시장)"},
{"line":"4호선","subway":"서울역"},
{"line":"4호선","subway":"숙대입구(갈월)"},
{"line":"4호선","subway":"삼각지"},
{"line":"4호선","subway":"신용산"},
{"line":"4호선","subway":"이촌(국립중앙박물관)"},
{"line":"4호선","subway":"동작(현충원)"},
{"line":"4호선","subway":"총신대입구(이수)"},
{"line":"4호선","subway":"사당"},
{"line":"4호선","subway":"남태령"},
{"line":"5호선 ","subway":"동대문역사문화공원"},
{"line":"5호선 ","subway":"청구"},
{"line":"5호선 ","subway":"신금호"},
{"line":"5호선 ","subway":"행당"},
{"line":"5호선 ","subway":"왕십리"},
{"line":"5호선 ","subway":"마장"},
{"line":"5호선","subway":"답십리"},
{"line":"5호선","subway":"장한평"},
{"line":"5호선","subway":"군자(능동)"},
{"line":"5호선","subway":"아차산(어린이대공원후문)"},
{"line":"5호선","subway":"광나루(장신대)"},
{"line":"5호선","subway":"천호(풍납토성)"},
{"line":"5호선","subway":"강동"},
{"line":"5호선","subway":"길동"},
{"line":"5호선","subway":"굽은다리(강동구민회관앞)"},
{"line":"5호선","subway":"명일"},
{"line":"5호선","subway":"고덕"},
{"line":"5호선","subway":"상일동"},
{"line":"5호선","subway":"둔촌동"},
{"line":"5호선","subway":"올림픽공원(한국체대)"},
{"line":"5호선","subway":"방이"},
{"line":"5호선","subway":"오금"},
{"line":"5호선","subway":"개롱"},
{"line":"5호선","subway":"거여"},
{"line":"5호선","subway":"마천"},
{"line":"5호선","subway":"방화"},
{"line":"5호선","subway":"개화산"},
{"line":"5호선","subway":"김포공항"},
{"line":"5호선","subway":"송정"},
{"line":"5호선","subway":"마곡"},
{"line":"5호선","subway":"발산"},
{"line":"5호선","subway":"우장산"},
{"line":"5호선","subway":"화곡"},
{"line":"5호선","subway":"까치산"},
{"line":"5호선","subway":"신정(은행정)"},
{"line":"5호선","subway":"목동"},
{"line":"5호선","subway":"오목교(목동운동장앞)"},
{"line":"5호선","subway":"양평"},
{"line":"5호선","subway":"영등포구청"},
{"line":"5호선","subway":"영등포시장"},
{"line":"5호선","subway":"신길"},
{"line":"5호선","subway":"여의도"},
{"line":"5호선","subway":"여의나루"},
{"line":"5호선","subway":"마포"},
{"line":"5호선","subway":"공덕"},
{"line":"5호선","subway":"애오개"},
{"line":"5호선","subway":"충정로(경기대입구)"},
{"line":"5호선","subway":"서대문"},
{"line":"5호선","subway":"광화문(세종문화회관)"},
{"line":"5호선","subway":"종로3가(탑골공원)"},
{"line":"5호선","subway":"을지로4가"},
{"line":"6호선","subway":"응암"},
{"line":"6호선","subway":"역촌"},
{"line":"6호선","subway":"불광"},
{"line":"6호선","subway":"독바위"},
{"line":"6호선","subway":"연신내"},
{"line":"6호선","subway":"구산"},
{"line":"6호선","subway":"새절(신사)"},
{"line":"6호선","subway":"증산(명지대앞)"},
{"line":"6호선","subway":"디지털미디어시티"},
{"line":"6호선","subway":"월드컵경기장(성산)"},
{"line":"6호선","subway":"마포구청"},
{"line":"6호선","subway":"망원"},
{"line":"6호선","subway":"합정"},
{"line":"6호선","subway":"상수"},
{"line":"6호선","subway":"광흥창(서강)"},
{"line":"6호선","subway":"대흥(서강대앞)"},
{"line":"6호선","subway":"공덕"},
{"line":"6호선","subway":"효창공원앞"},
{"line":"6호선","subway":"삼각지"},
{"line":"6호선","subway":"녹사평(용산구청)"},
{"line":"6호선","subway":"이태원"},
{"line":"6호선","subway":"한강진"},
{"line":"6호선","subway":"버티고개"},
{"line":"6호선","subway":"약수"},
{"line":"6호선","subway":"청구"},
{"line":"6호선","subway":"신당"},
{"line":"6호선","subway":"동묘앞"},
{"line":"6호선","subway":"창신"},
{"line":"6호선","subway":"보문"},
{"line":"6호선","subway":"안암(고대병원앞)"},
{"line":"6호선","subway":"고려대(종암)"},
{"line":"6호선","subway":"월곡(동덕여대)"},
{"line":"6호선","subway":"상월곡(한국과학기술연구원)"},
{"line":"6호선","subway":"돌곶이"},
{"line":"6호선","subway":"석계"},
{"line":"6호선","subway":"태릉입구"},
{"line":"6호선","subway":"화랑대(서울여대입구)"},
{"line":"6호선","subway":"봉화산(서울의료원)"},
{"line":"7호선 ","subway":"장암"},
{"line":"7호선 ","subway":"도봉산"},
{"line":"7호선 ","subway":"수락산"},
{"line":"7호선 ","subway":"마들"},
{"line":"7호선 ","subway":"노원"},
{"line":"7호선 ","subway":"중계"},
{"line":"7호선 ","subway":"하계"},
{"line":"7호선 ","subway":"공릉(서울과학기술대)"},
{"line":"7호선 ","subway":"태릉입구"},
{"line":"7호선 ","subway":"먹골"},
{"line":"7호선 ","subway":"중화"},
{"line":"7호선 ","subway":"상봉(시외버스터미널)"},
{"line":"7호선 ","subway":"면목"},
{"line":"7호선 ","subway":"사가정"},
{"line":"7호선 ","subway":"용마산"},
{"line":"7호선 ","subway":"중곡"},
{"line":"7호선 ","subway":"군자(능동)"},
{"line":"7호선 ","subway":"어린이대공원(세종대)"},
{"line":"7호선 ","subway":"건대입구"},
{"line":"7호선 ","subway":"뚝섬유원지"},
{"line":"7호선 ","subway":"청담"},
{"line":"7호선 ","subway":"강남구청"},
{"line":"7호선 ","subway":"학동"},
{"line":"7호선 ","subway":"논현"},
{"line":"7호선 ","subway":"반포"},
{"line":"7호선 ","subway":"고속터미널"},
{"line":"7호선 ","subway":"내방"},
{"line":"7호선 ","subway":"이수"},
{"line":"7호선 ","subway":"남성"},
{"line":"7호선 ","subway":"숭실대입구(살피재)"},
{"line":"7호선 ","subway":"상도"},
{"line":"7호선 ","subway":"장승배기"},
{"line":"7호선 ","subway":"신대방삼거리"},
{"line":"7호선 ","subway":"보라매"},
{"line":"7호선 ","subway":"신풍"},
{"line":"7호선 ","subway":"대림(구로구청)"},
{"line":"7호선 ","subway":"남구로"},
{"line":"7호선 ","subway":"가산디지털단지"},
{"line":"7호선 ","subway":"철산"},
{"line":"7호선 ","subway":"광명사거리"},
{"line":"7호선 ","subway":"천왕"},
{"line":"7호선 ","subway":"온수(성공회대입구)"},
{"line":"7호선 ","subway":"까치울"},
{"line":"7호선 ","subway":"부천종합운동장"},
{"line":"7호선 ","subway":"춘의"},
{"line":"7호선 ","subway":"신중동"},
{"line":"7호선 ","subway":"부천시청"},
{"line":"7호선 ","subway":"상동"},
{"line":"7호선 ","subway":"삼산체육관"},
{"line":"7호선 ","subway":"굴포천"},
{"line":"7호선 ","subway":"부평구청"},
{"line":"8호선 ","subway":"암사"},
{"line":"8호선 ","subway":"천호(풍납토성)"},
{"line":"8호선 ","subway":"강동구청"},
{"line":"8호선 ","subway":"몽촌토성(평화의문)"},
{"line":"8호선 ","subway":"잠실(송파구청)"},
{"line":"8호선 ","subway":"석촌"},
{"line":"8호선 ","subway":"송파"},
{"line":"8호선 ","subway":"가락시장"},
{"line":"8호선 ","subway":"문정"},
{"line":"8호선 ","subway":"장지"},
{"line":"8호선 ","subway":"복정"},
{"line":"8호선 ","subway":"산성"},
{"line":"8호선 ","subway":"남한산성입구"},
{"line":"8호선 ","subway":"단대오거리"},
{"line":"8호선 ","subway":"신흥"},
{"line":"8호선 ","subway":"수진"},
{"line":"8호선 ","subway":"모란"},
{"line":"9호선 ","subway":"개화"},
{"line":"9호선 ","subway":"김포공항"},
{"line":"9호선 ","subway":"공항시장"},
{"line":"9호선 ","subway":"신방화"},
{"line":"9호선 ","subway":"마곡나루"},
{"line":"9호선 ","subway":"양천향교"},
{"line":"9호선 ","subway":"가양"},
{"line":"9호선 ","subway":"증미"},
{"line":"9호선 ","subway":"등촌"},
{"line":"9호선 ","subway":"염창"},
{"line":"9호선 ","subway":"신목동"},
{"line":"9호선 ","subway":"선유도"},
{"line":"9호선 ","subway":"당산"},
{"line":"9호선 ","subway":"국회의사당"},
{"line":"9호선 ","subway":"여의도"},
{"line":"9호선 ","subway":"샛강"},
{"line":"9호선 ","subway":"노량진"},
{"line":"9호선 ","subway":"노들"},
{"line":"9호선 ","subway":"흑석(중앙대입구)"},
{"line":"9호선 ","subway":"동작(현충원)"},
{"line":"9호선 ","subway":"구반포"},
{"line":"9호선 ","subway":"신반포"},
{"line":"9호선 ","subway":"고속터미널"},
{"line":"9호선 ","subway":"사평"},
{"line":"9호선 ","subway":"신논현"},
{"line":"경부선 ","subway":"남영"},
{"line":"경부선 ","subway":"용산"},
{"line":"경부선 ","subway":"노량진"},
{"line":"경부선 ","subway":"대방"},
{"line":"경부선 ","subway":"신길"},
{"line":"경부선 ","subway":"영등포"},
{"line":"경부선 ","subway":"신도림"},
{"line":"경부선 ","subway":"구로"},
{"line":"경부선 ","subway":"가산디지털단지"},
{"line":"경부선 ","subway":"독산"},
{"line":"경부선 ","subway":"금천구청"},
{"line":"경부선 ","subway":"석수"},
{"line":"경부선 ","subway":"관악"},
{"line":"경부선 ","subway":"안양"},
{"line":"경부선 ","subway":"명학"},
{"line":"경부선 ","subway":"금정"},
{"line":"경부선 ","subway":"군포"},
{"line":"경부선 ","subway":"당정"},
{"line":"경부선 ","subway":"의왕"},
{"line":"경부선 ","subway":"성균관대"},
{"line":"경부선 ","subway":"화서"},
{"line":"경부선 ","subway":"수원"},
{"line":"경부선 ","subway":"세류"},
{"line":"경부선 ","subway":"병점"},
{"line":"경부선 ","subway":"세마"},
{"line":"경부선 ","subway":"오산대"},
{"line":"경부선 ","subway":"오산"},
{"line":"경부선 ","subway":"진위"},
{"line":"경부선 ","subway":"송탄"},
{"line":"경부선 ","subway":"서정리"},
{"line":"경부선 ","subway":"지제"},
{"line":"경부선 ","subway":"평택"},
{"line":"경부선 ","subway":"성환"},
{"line":"경부선 ","subway":"직산"},
{"line":"경부선 ","subway":"두정"},
{"line":"경부선 ","subway":"천안"},
{"line":"경부선 ","subway":"소정리"},
{"line":"경부선 ","subway":"전의"},
{"line":"경부선 ","subway":"전동"},
{"line":"경부선 ","subway":"서창"},
{"line":"경부선 ","subway":"조치원"},
{"line":"경부선 ","subway":"내판"},
{"line":"경부선 ","subway":"부강"},
{"line":"경부선 ","subway":"의왕"},
{"line":"경부선 ","subway":"오봉"},
{"line":"경부선 ","subway":"수원"},
{"line":"경부선 ","subway":"어천"},
{"line":"경부선 ","subway":"야목"},
{"line":"경부선 ","subway":"사리"},
{"line":"경부선 ","subway":"한대앞"},
{"line":"경부선 ","subway":"월곶"},
{"line":"경부선 ","subway":"소래포구"},
{"line":"경부선 ","subway":"인천논현"},
{"line":"경부선 ","subway":"호구포"},
{"line":"경부선 ","subway":"남동인더스파크"},
{"line":"경부선 ","subway":"원인재"},
{"line":"경부선 ","subway":"연수"},
{"line":"경부선 ","subway":"송도"},
{"line":"경부선 ","subway":"병점"},
{"line":"경부선 ","subway":"서동탄"},
{"line":"경부선 ","subway":"두정"},
{"line":"경부선 ","subway":"천안"},
{"line":"경부선 ","subway":"서창"},
{"line":"경부선 ","subway":"오송"},
{"line":"경부선 ","subway":"대전"},
{"line":"경부선 ","subway":"서대전"},
{"line":"경의선","subway":"서울"},
{"line":"경의선","subway":"신촌"},
{"line":"경의선","subway":"가좌"},
{"line":"경의선","subway":"디지털미디어시티"},
{"line":"경의선","subway":"수색"},
{"line":"경의선","subway":"화전"},
{"line":"경의선","subway":"행신"},
{"line":"경의선","subway":"능곡"},
{"line":"경의선","subway":"대곡"},
{"line":"경의선","subway":"곡산"},
{"line":"경의선","subway":"백마"},
{"line":"경의선","subway":"풍산"},
{"line":"경의선","subway":"일산"},
{"line":"경의선","subway":"탄현"},
{"line":"경의선","subway":"운정"},
{"line":"경의선","subway":"금릉"},
{"line":"경의선","subway":"금촌"},
{"line":"경의선","subway":"월롱"},
{"line":"경의선","subway":"파주"},
{"line":"경의선","subway":"문산(운천)"},
{"line":"경의선","subway":"임진강"},
{"line":"경의선","subway":"도라산"},
{"line":"경의선","subway":"용산"},
{"line":"경의선","subway":"효창"},
{"line":"경의선","subway":"용산"},
{"line":"경의선","subway":"효창"},
{"line":"경의선","subway":"서강"},
{"line":"경의선","subway":"가좌"},
{"line":"경의선","subway":"능곡"},
{"line":"경의선","subway":"대곡"},
{"line":"경의선","subway":"대정"},
{"line":"경의선","subway":"원릉"},
{"line":"경의선","subway":"삼릉"},
{"line":"경의선","subway":"벽제"},
{"line":"경의선","subway":"일영"},
{"line":"경의선","subway":"장흥(온릉)"},
{"line":"경의선","subway":"송추"},
{"line":"경의선","subway":"의정부"},
{"line":"경의선","subway":"수색"},
{"line":"경의선","subway":"가좌"},
{"line":"경의선","subway":"화전"},
{"line":"경의선","subway":"문산"},
{"line":"경원선 ","subway":"용산"},
{"line":"경원선 ","subway":"이촌"},
{"line":"경원선 ","subway":"서빙고"},
{"line":"경원선 ","subway":"한남"},
{"line":"경원선 ","subway":"옥수"},
{"line":"경원선 ","subway":"응봉"},
{"line":"경원선 ","subway":"왕십리"},
{"line":"경원선 ","subway":"청량리"},
{"line":"경원선 ","subway":"회기"},
{"line":"경원선 ","subway":"외대앞"},
{"line":"경원선 ","subway":"신이문"},
{"line":"경원선 ","subway":"석계"},
{"line":"경원선 ","subway":"광운대"},
{"line":"경원선 ","subway":"월계"},
{"line":"경원선 ","subway":"녹천"},
{"line":"경원선 ","subway":"창동"},
{"line":"경원선 ","subway":"방학"},
{"line":"경원선 ","subway":"도봉"},
{"line":"경원선 ","subway":"도봉산"},
{"line":"경원선 ","subway":"망월사"},
{"line":"경원선 ","subway":"회룡"},
{"line":"경원선 ","subway":"의정부"},
{"line":"경원선 ","subway":"가능"},
{"line":"경원선 ","subway":"녹양"},
{"line":"경원선 ","subway":"양주"},
{"line":"경원선 ","subway":"덕계"},
{"line":"경원선 ","subway":"덕정"},
{"line":"경원선 ","subway":"지행"},
{"line":"경원선 ","subway":"동두천중앙"},
{"line":"경원선 ","subway":"보산"},
{"line":"경원선 ","subway":"동두천"},
{"line":"경원선 ","subway":"소요산"},
{"line":"경원선 ","subway":"초성리"},
{"line":"경원선 ","subway":"한탄강"},
{"line":"경원선 ","subway":"전곡"},
{"line":"경원선 ","subway":"연천"},
{"line":"경원선 ","subway":"신망리"},
{"line":"경원선 ","subway":"대광리"},
{"line":"경원선 ","subway":"신탄리"},
{"line":"장안선","subway":"천안"},
{"line":"장안선","subway":"봉명"},
{"line":"장안선","subway":"쌍용(나사렛대)"},
{"line":"장안선","subway":"아산"},
{"line":"장안선","subway":"배방"},
{"line":"장안선","subway":"온양온천"},
{"line":"장안선","subway":"신창(순천향대)"},
{"line":"장안선","subway":"도고온천"},
{"line":"장안선","subway":"신례원"},
{"line":"장안선","subway":"예산"},
{"line":"장안선","subway":"삽교"},
{"line":"장안선","subway":"화양"},
{"line":"장안선","subway":"홍성"},
{"line":"장안선","subway":"신성"},
{"line":"장안선","subway":"광천"},
{"line":"장안선","subway":"원죽"},
{"line":"장안선","subway":"청소"},
{"line":"장안선","subway":"주포"},
{"line":"장안선","subway":"대천"},
{"line":"경춘선","subway":"망우"},
{"line":"경춘선","subway":"갈매"},
{"line":"경춘선","subway":"퇴계원"},
{"line":"경춘선","subway":"사릉"},
{"line":"경춘선","subway":"금곡"},
{"line":"경춘선","subway":"평내호평"},
{"line":"경춘선","subway":"마석"},
{"line":"경춘선","subway":"대성리"},
{"line":"경춘선","subway":"청평"},
{"line":"경춘선","subway":"상천"},
{"line":"경춘선","subway":"가평"},
{"line":"경춘선","subway":"굴봉산"},
{"line":"경춘선","subway":"백양리"},
{"line":"경춘선","subway":"강촌"},
{"line":"경춘선","subway":"김유정"},
{"line":"경춘선","subway":"남춘천"},
{"line":"경춘선","subway":"춘천"},
{"line":"경춘선","subway":"평내호평"},
{"line":"중앙선","subway":"청량리"},
{"line":"중앙선","subway":"회기"},
{"line":"중앙선","subway":"중랑"},
{"line":"중앙선","subway":"상봉"},
{"line":"중앙선","subway":"망우"},
{"line":"중앙선","subway":"양원"},
{"line":"중앙선","subway":"구리"},
{"line":"중앙선","subway":"도농"},
{"line":"중앙선","subway":"양정"},
{"line":"중앙선","subway":"덕소"},
{"line":"중앙선","subway":"도심"},
{"line":"중앙선","subway":"팔당"},
{"line":"중앙선","subway":"운길산"},
{"line":"중앙선","subway":"양수"},
{"line":"중앙선","subway":"신원"},
{"line":"중앙선","subway":"국수"},
{"line":"중앙선","subway":"아신"},
{"line":"중앙선","subway":"오빈"},
{"line":"중앙선","subway":"양평"},
{"line":"중앙선","subway":"원덕"},
{"line":"중앙선","subway":"용문"},
{"line":"중앙선","subway":"지평"},
{"line":"중앙선","subway":"석불"},
{"line":"중앙선","subway":"구둔"},
{"line":"중앙선","subway":"매곡"},
{"line":"경인선","subway":"구로"},
{"line":"경인선","subway":"구일"},
{"line":"경인선","subway":"개봉"},
{"line":"경인선","subway":"오류동"},
{"line":"경인선","subway":"온수"},
{"line":"경인선","subway":"역곡"},
{"line":"경인선","subway":"소사"},
{"line":"경인선","subway":"부천"},
{"line":"경인선","subway":"중동"},
{"line":"경인선","subway":"송내"},
{"line":"경인선","subway":"부개"},
{"line":"경인선","subway":"부평"},
{"line":"경인선","subway":"백운"},
{"line":"경인선","subway":"동암"},
{"line":"경인선","subway":"간석"},
{"line":"경인선","subway":"주안"},
{"line":"경인선","subway":"도화"},
{"line":"경인선","subway":"제물포"},
{"line":"경인선","subway":"도원"},
{"line":"경인선","subway":"동인천"},
{"line":"경인선","subway":"인천"},
{"line":"안산선 ","subway":"금정"},
{"line":"안산선 ","subway":"산본"},
{"line":"안산선 ","subway":"수리산"},
{"line":"안산선 ","subway":"대야미"},
{"line":"안산선 ","subway":"반월"},
{"line":"안산선 ","subway":"상록수"},
{"line":"안산선 ","subway":"한대앞"},
{"line":"안산선 ","subway":"중앙"},
{"line":"안산선 ","subway":"고잔"},
{"line":"안산선 ","subway":"초지"},
{"line":"안산선 ","subway":"안산"},
{"line":"안산선 ","subway":"신길온천"},
{"line":"안산선 ","subway":"정왕"},
{"line":"안산선 ","subway":"오이도"},
{"line":"과천선","subway":"금정"},
{"line":"과천선","subway":"범계"},
{"line":"과천선","subway":"평촌"},
{"line":"과천선","subway":"인덕원"},
{"line":"과천선","subway":"정부과천청사"},
{"line":"과천선","subway":"과천"},
{"line":"과천선","subway":"대공원"},
{"line":"과천선","subway":"경마공원"},
{"line":"과천선","subway":"선바위"},
{"line":"과천선","subway":"남태령"},
{"line":"분당선","subway":"선릉"},
{"line":"분당선","subway":"한티"},
{"line":"분당선","subway":"도곡"},
{"line":"분당선","subway":"구룡"},
{"line":"분당선","subway":"개포동"},
{"line":"분당선","subway":"대모산입구"},
{"line":"분당선","subway":"수서"},
{"line":"분당선","subway":"복정"},
{"line":"분당선","subway":"가천대"},
{"line":"분당선","subway":"태평"},
{"line":"분당선","subway":"모란"},
{"line":"분당선","subway":"야탑"},
{"line":"분당선","subway":"이매"},
{"line":"분당선","subway":"서현"},
{"line":"분당선","subway":"수내"},
{"line":"분당선","subway":"정자"},
{"line":"분당선","subway":"미금"},
{"line":"분당선","subway":"오리"},
{"line":"분당선","subway":"죽전"},
{"line":"분당선","subway":"보정"},
{"line":"분당선","subway":"구성"},
{"line":"분당선","subway":"신갈"},
{"line":"분당선","subway":"기흥"},
{"line":"분당선","subway":"오리"},
{"line":"일산선","subway":"지축"},
{"line":"일산선","subway":"삼송"},
{"line":"일산선","subway":"원당"},
{"line":"일산선","subway":"화정"},
{"line":"일산선","subway":"대곡"},
{"line":"일산선","subway":"백석"},
{"line":"일산선","subway":"마두"},
{"line":"일산선","subway":"정발산"},
{"line":"일산선","subway":"주엽"},
{"line":"일산선","subway":"대화"},
{"line":"공항철도","subway":"인천국제공항"},
{"line":"공항철도","subway":"공항화물청사"},
{"line":"공항철도","subway":"운서"},
{"line":"공항철도","subway":"검암"},
{"line":"공항철도","subway":"계양"},
{"line":"인천1호선","subway":"귤현"},
{"line":"인천1호선","subway":"박촌"},
{"line":"인천1호선","subway":"임학"},
{"line":"인천1호선","subway":"계산"},
{"line":"인천1호선","subway":"경인교대입구"},
{"line":"인천1호선","subway":"작전"},
{"line":"인천1호선","subway":"갈산"},
{"line":"인천1호선","subway":"부평구청"},
{"line":"인천1호선","subway":"부평시장"},
{"line":"인천1호선","subway":"부평"},
{"line":"인천1호선","subway":"동수"},
{"line":"인천1호선","subway":"부평삼거리"},
{"line":"인천1호선","subway":"간석오거리"},
{"line":"인천1호선","subway":"인천시청"},
{"line":"인천1호선","subway":"예술회관"},
{"line":"인천1호선","subway":"인천터미널"},
{"line":"인천1호선","subway":"문학경기장"},
{"line":"인천1호선","subway":"선학"},
{"line":"인천1호선","subway":"신연수"},
{"line":"인천1호선","subway":"원인재"},
{"line":"인천1호선","subway":"동춘"},
{"line":"인천1호선","subway":"동막"},
{"line":"인천1호선","subway":"캠퍼스타운"},
{"line":"인천1호선","subway":"테크노파크"},
{"line":"인천1호선","subway":"지식정보단지"},
{"line":"인천1호선","subway":"인천대입구"},
{"line":"인천1호선","subway":"센트럴파크"},
{"line":"인천1호선","subway":"국제업무지구"},
{"line":"분당선","subway":"서울숲"},
{"line":"분당선","subway":"압구정로데오"},
{"line":"분당선","subway":"선정릉"},
{"line":"분당선","subway":"상갈"},
{"line":"분당선","subway":"청명"},
{"line":"분당선","subway":"영통"},
{"line":"분당선","subway":"망포"},
{"line":"분당선","subway":"매탄"},
{"line":"분당선","subway":"수원시청"},
{"line":"분당선","subway":"매교"},
{"line":"신분당선","subway":"양재시민의숲"},
{"line":"신분당선","subway":"청계산입구"},
{"line":"신분당선","subway":"판교"},
{"line":"경춘선","subway":"신내"},
{"line":"경춘선","subway":"별내"},
{"line":"경춘선","subway":"묵현"}]