[{"region":"전국","sixteen_1":23869,"sixteen_2":22474,"sixteen_3":24991,"sixteen_4":22844,"sixteen_5":25489,"sixteen_6":24285,"sixteen_7":21154,"sixteen_8":23017,"sixteen_9":17763,"sixteen_10":21951,"sixteen_11":25385,"sixteen_12":28413},
{"region":"서울특별시","sixteen_1":4764,"sixteen_2":4659,"sixteen_3":4991,"sixteen_4":4584,"sixteen_5":5181,"sixteen_6":5003,"sixteen_7":4556,"sixteen_8":4569,"sixteen_9":3683,"sixteen_10":4499,"sixteen_11":5294,"sixteen_12":5860},
{"region":"부산광역시","sixteen_1":1548,"sixteen_2":1334,"sixteen_3":1568,"sixteen_4":1416,"sixteen_5":1522,"sixteen_6":1401,"sixteen_7":1252,"sixteen_8":1508,"sixteen_9":1004,"sixteen_10":1276,"sixteen_11":1575,"sixteen_12":1709},
{"region":"대구광역시","sixteen_1":1064,"sixteen_2":984,"sixteen_3":1055,"sixteen_4":959,"sixteen_5":1106,"sixteen_6":1077,"sixteen_7":899,"sixteen_8":1026,"sixteen_9":682,"sixteen_10":974,"sixteen_11":1083,"sixteen_12":1307},
{"region":"인천광역시","sixteen_1":1324,"sixteen_2":1251,"sixteen_3":1438,"sixteen_4":1299,"sixteen_5":1432,"sixteen_6":1390,"sixteen_7":1236,"sixteen_8":1341,"sixteen_9":1066,"sixteen_10":1227,"sixteen_11":1482,"sixteen_12":1606},
{"region":"광주광역시","sixteen_1":633,"sixteen_2":623,"sixteen_3":680,"sixteen_4":606,"sixteen_5":665,"sixteen_6":691,"sixteen_7":590,"sixteen_8":624,"sixteen_9":426,"sixteen_10":542,"sixteen_11":615,"sixteen_12":773},
{"region":"대전광역시","sixteen_1":724,"sixteen_2":675,"sixteen_3":682,"sixteen_4":637,"sixteen_5":800,"sixteen_6":707,"sixteen_7":575,"sixteen_8":671,"sixteen_9":525,"sixteen_10":705,"sixteen_11":766,"sixteen_12":858},
{"region":"울산광역시","sixteen_1":601,"sixteen_2":559,"sixteen_3":652,"sixteen_4":558,"sixteen_5":644,"sixteen_6":634,"sixteen_7":536,"sixteen_8":542,"sixteen_9":407,"sixteen_10":535,"sixteen_11":654,"sixteen_12":684},
{"region":"세종특별자치시","sixteen_1":161,"sixteen_2":111,"sixteen_3":116,"sixteen_4":140,"sixteen_5":161,"sixteen_6":137,"sixteen_7":107,"sixteen_8":128,"sixteen_9":111,"sixteen_10":130,"sixteen_11":124,"sixteen_12":186},
{"region":"경기도","sixteen_1":5967,"sixteen_2":5556,"sixteen_3":6163,"sixteen_4":5645,"sixteen_5":6248,"sixteen_6":6012,"sixteen_7":5346,"sixteen_8":5761,"sixteen_9":4502,"sixteen_10":5560,"sixteen_11":6321,"sixteen_12":6971},
{"region":"강원도","sixteen_1":622,"sixteen_2":568,"sixteen_3":657,"sixteen_4":612,"sixteen_5":657,"sixteen_6":600,"sixteen_7":551,"sixteen_8":574,"sixteen_9":541,"sixteen_10":622,"sixteen_11":680,"sixteen_12":784},
{"region":"충청북도","sixteen_1":703,"sixteen_2":596,"sixteen_3":806,"sixteen_4":652,"sixteen_5":781,"sixteen_6":690,"sixteen_7":566,"sixteen_8":701,"sixteen_9":539,"sixteen_10":690,"sixteen_11":769,"sixteen_12":841},
{"region":"충청남도","sixteen_1":965,"sixteen_2":929,"sixteen_3":1089,"sixteen_4":970,"sixteen_5":1094,"sixteen_6":974,"sixteen_7":882,"sixteen_8":956,"sixteen_9":736,"sixteen_10":976,"sixteen_11":1006,"sixteen_12":1215},
{"region":"전라북도","sixteen_1":712,"sixteen_2":647,"sixteen_3":788,"sixteen_4":711,"sixteen_5":755,"sixteen_6":717,"sixteen_7":578,"sixteen_8":657,"sixteen_9":492,"sixteen_10":575,"sixteen_11":759,"sixteen_12":825},
{"region":"전라남도","sixteen_1":765,"sixteen_2":709,"sixteen_3":710,"sixteen_4":750,"sixteen_5":778,"sixteen_6":765,"sixteen_7":624,"sixteen_8":661,"sixteen_9":517,"sixteen_10":663,"sixteen_11":773,"sixteen_12":839},
{"region":"경상북도","sixteen_1":1113,"sixteen_2":1103,"sixteen_3":1216,"sixteen_4":1118,"sixteen_5":1220,"sixteen_6":1149,"sixteen_7":950,"sixteen_8":1074,"sixteen_9":821,"sixteen_10":1047,"sixteen_11":1178,"sixteen_12":1374},
{"region":"경상남도","sixteen_1":1599,"sixteen_2":1516,"sixteen_3":1561,"sixteen_4":1427,"sixteen_5":1564,"sixteen_6":1560,"sixteen_7":1232,"sixteen_8":1477,"sixteen_9":1057,"sixteen_10":1263,"sixteen_11":1548,"sixteen_12":1776},
{"region":"제주특별자치도","sixteen_1":292,"sixteen_2":300,"sixteen_3":362,"sixteen_4":363,"sixteen_5":387,"sixteen_6":318,"sixteen_7":255,"sixteen_8":281,"sixteen_9":215,"sixteen_10":246,"sixteen_11":325,"sixteen_12":361},
{"region":"국외","sixteen_1":312,"sixteen_2":354,"sixteen_3":457,"sixteen_4":397,"sixteen_5":494,"sixteen_6":460,"sixteen_7":419,"sixteen_8":466,"sixteen_9":439,"sixteen_10":421,"sixteen_11":433,"sixteen_12":444}]